{"cameraMode":{"drawMode":0,"name":"Shaded","section":"Shading Mode"},"sceneLighting":true,"audioPlay":false,"sceneViewState":{"m_AlwaysRefresh":false,"showFog":true,"showSkybox":false,"showFlares":true,"showImageEffects":true,"showParticleSystems":true,"showVisualEffectGraphs":true,"m_FxEnabled":true},"in2DMode":false,"pivot":{"x":4.973999977111816,"y":5.2702741622924809,"z":0.48399949073791506},"rotation":{"x":-0.19233179092407227,"y":-0.025598054751753808,"z":0.005032266024500132,"w":-0.9810073375701904},"size":8.047932624816895,"orthographic":false}