{"cameraMode":{"drawMode":0,"name":"Shaded","section":"Shading Mode"},"sceneLighting":false,"audioPlay":false,"sceneViewState":{"m_AlwaysRefresh":false,"showFog":true,"showSkybox":false,"showFlares":true,"showImageEffects":true,"showParticleSystems":true,"showVisualEffectGraphs":true,"m_FxEnabled":true},"in2DMode":false,"pivot":{"x":-0.03787708282470703,"y":0.22775113582611085,"z":0.06433999538421631},"rotation":{"x":-0.10912196338176727,"y":0.383880615234375,"z":-0.04576525092124939,"w":-0.915834367275238},"size":0.8660253882408142,"orthographic":false}