{"cameraMode":{"drawMode":0,"name":"Shaded","section":"Shading Mode"},"sceneLighting":false,"audioPlay":false,"sceneViewState":{"m_AlwaysRefresh":false,"showFog":true,"showSkybox":false,"showFlares":true,"showImageEffects":true,"showParticleSystems":true,"showVisualEffectGraphs":true,"m_FxEnabled":true},"in2DMode":false,"pivot":{"x":16.015336990356447,"y":2.9551682472229006,"z":9.99999713897705},"rotation":{"x":0.09598959237337113,"y":-0.29260164499282839,"z":0.029533173888921739,"w":0.9509516954421997},"size":7.726631164550781,"orthographic":false}