{"cameraMode":{"drawMode":0,"name":"Shaded","section":"Shading Mode"},"sceneLighting":false,"audioPlay":false,"sceneViewState":{"m_AlwaysRefresh":false,"showFog":true,"showSkybox":false,"showFlares":true,"showImageEffects":true,"showParticleSystems":true,"showVisualEffectGraphs":true,"m_FxEnabled":true},"in2DMode":false,"pivot":{"x":1.1387667655944825,"y":1.1965495347976685,"z":1.0017913579940797},"rotation":{"x":-0.09088237583637238,"y":0.20991237461566926,"z":-0.019585903733968736,"w":-0.9733262062072754},"size":4.931931495666504,"orthographic":false}